,Planning Team Inbound Digital Mail / CIS — octobre 2026,,,,,,,,,,,,,,,,,,,,,,,,,,,,,,,
,,Thu 01,Fri 02,Sat 03,Sun 04,Mon 05,Tue 06,Wed 07,Thu 08,Fri 09,Sat 10,Sun 11,Mon 12,Tue 13,Wed 14,Thu 15,Fri 16,Sat 17,Sun 18,Mon 19,Tue 20,Wed 21,Thu 22,Fri 23,Sat 24,Sun 25,Mon 26,Tue 27,Wed 28,Thu 29,Fri 30,Sat 31
,Team Inbound Digital Mail,,,,,,,,,,,,,,,,,,,,,,,,,,,,,,,
1,ANGUETE OHOULO CHRISTELLE,M2,M2,M2,OFF,OFF,M2,M2,M2,M2,M2,OFF,OFF,M2,M2,M2,M2,M2,OFF,OFF,M2,M2,M2,M2,M2,OFF,OFF,M2,M2,M2,M2,M2
2,DIAMBRA Sopie Audrey Grace Emmanuella,M,M,OFF,OFF,C,C,C,C,C,OFF,OFF,C,C,C,C,C,OFF,OFF,C,C,C,C,C,OFF,OFF,C,C,C,C,C,OFF
3,KA DJENABA,M2,M2,OFF,OFF,M2,M2,M2,M2,M2,OFF,OFF,M2,M2,M2,M2,M2,OFF,OFF,M2,M2,M2,M2,M2,OFF,OFF,M2,M2,M2,M2,M2,OFF
4,OSSOUE Marcelle Banahi,M2,M2,M2,OFF,OFF,M2,M2,M2,M2,M2,OFF,OFF,M2,M2,M2,M2,M2,OFF,OFF,M2,M2,M2,M2,M2,OFF,OFF,M2,M2,M2,M2,M2
5,GOKE MARINA,N,N,OFF,OFF,N,N,N,N,N,OFF,OFF,N,N,N,N,N,OFF,OFF,N,N,N,N,N,OFF,OFF,N,N,N,N,N,OFF
6,MOKE CARMELA,M,M,M,M,OFF,OFF,M,M,M,M,M,OFF,OFF,M,M,M,M,M,OFF,OFF,M,M,M,M,M,OFF,OFF,M,M,M,M
7,ZOUHO GERARD,M2,OFF,OFF,M2,M2,M2,M2,M2,OFF,OFF,M2,M2,M2,M2,M2,OFF,OFF,M2,M2,M2,M2,M2,OFF,OFF,M2,M2,M2,M2,M2,OFF,OFF
8,ONGWERO CHRISTIE,M3,M3,M3,OFF,OFF,M3,M3,M3,M3,M3,OFF,OFF,M3,M3,M3,M3,M3,OFF,OFF,M3,M3,M3,M3,M3,OFF,OFF,M3,M3,M3,M3,M3
9,KOMBO STEVIE,A,A,A,OFF,OFF,A,A,A,A,A,OFF,OFF,A,A,A,A,A,OFF,OFF,A,A,A,A,A,OFF,OFF,A,A,A,A,A
10,N'GUETTA AMEZIAN GRACE STEPHANIE,M,OFF,OFF,M,M,M,M,M,OFF,OFF,M,M,M,M,M,OFF,OFF,M,M,M,M,M,OFF,OFF,M,M,M,M,M,OFF,OFF
11,KOUAME PAULE ARIELLE NOELLE,OFF,OFF,M,M,M,M,M,OFF,OFF,M,M,M,M,M,OFF,OFF,M,M,M,M,M,OFF,OFF,M,M,M,M,M,OFF,OFF,M
12,AMADOU WILFRIED LEROY,M2,M2,M2,M2,OFF,OFF,M2,M2,M2,M2,M2,OFF,OFF,M2,M2,M2,M2,M2,OFF,OFF,M2,M2,M2,M2,M2,OFF,OFF,M2,M2,M2,M2
13,TIERO HULDA CHANCE EUNICE,M2,M2,M2,OFF,OFF,M2,M2,M2,M2,M2,OFF,OFF,M2,M2,M2,M2,M2,OFF,OFF,M2,M2,M2,M2,M2,OFF,OFF,M2,M2,M2,M2,M2
,TOTAL M (07H - 16H),3,2,2,3,2,2,3,2,1,2,3,2,2,3,2,1,2,3,2,2,3,2,1,2,3,2,2,3,2,1,2
,TOTAL M2 (08H - 17H),6,5,4,2,2,5,6,6,5,4,2,2,5,6,6,5,4,2,2,5,6,6,5,4,2,2,5,6,6,5,4
,TOTAL M3 (09H - 18H),1,1,1,0,0,1,1,1,1,1,0,0,1,1,1,1,1,0,0,1,1,1,1,1,0,0,1,1,1,1,1
,TOTAL A (12H - 21H),1,1,1,0,0,1,1,1,1,1,0,0,1,1,1,1,1,0,0,1,1,1,1,1,0,0,1,1,1,1,1
,TOTAL N (21H - 07H),1,1,0,0,1,1,1,1,1,0,0,1,1,1,1,1,0,0,1,1,1,1,1,0,0,1,1,1,1,1,0
