,Planning Team Inbound Digital — Rafiki (Tchat) — octobre 2026,,,,,,,,,,,,,,,,,,,,,,,,,,,,,,,
,,Thu 01,Fri 02,Sat 03,Sun 04,Mon 05,Tue 06,Wed 07,Thu 08,Fri 09,Sat 10,Sun 11,Mon 12,Tue 13,Wed 14,Thu 15,Fri 16,Sat 17,Sun 18,Mon 19,Tue 20,Wed 21,Thu 22,Fri 23,Sat 24,Sun 25,Mon 26,Tue 27,Wed 28,Thu 29,Fri 30,Sat 31
,Team Rafiki (Tchat),,,,,,,,,,,,,,,,,,,,,,,,,,,,,,,
1,ABEBY LOGBOU MARIE-PASCALE,OFF,OFF,M,M,A,A,A,OFF,OFF,M,M,A,A,A,OFF,OFF,M,M,A,A,A,OFF,OFF,M,M,A,A,A,OFF,OFF,M
2,WANGAH CEDRIC,M2,M2,A,A,OFF,OFF,M2,M2,M2,A,A,A,OFF,OFF,M2,M2,A,A,A,OFF,OFF,M2,M2,A,A,A,OFF,OFF,M2,M2,A
3,AMY Ndiaye Biteye,M,M,OFF,OFF,M,M,M,M,M,OFF,OFF,M,M,M,M,M,OFF,OFF,M,M,M,M,M,OFF,OFF,M,M,M,M,M,OFF
4,BOKOUMGOU MARIETOU YASMINE ADJOUA,OFF,OFF,M,M,M2,M2,M2,OFF,OFF,M,M,M2,M2,M2,OFF,OFF,M,M,M2,M2,M2,OFF,OFF,M,M,M2,M2,M2,OFF,OFF,M
5,ALLA ABLAWA MARIE ODE,N,N,OFF,OFF,N,N,N,N,N,OFF,OFF,N,N,N,N,N,OFF,OFF,N,N,N,N,N,OFF,OFF,N,N,N,N,N,OFF
6,ZOUKOUAN EBALOUHOU ANGE MERVEILLE DESIREE,A,A,N,N,OFF,OFF,A,A,A,N,N,OFF,OFF,A,A,A,N,N,OFF,OFF,A,A,A,N,N,OFF,OFF,A,A,A,N
,TOTAL M (07H - 16H),1,1,2,2,1,1,1,1,1,2,2,1,1,1,1,1,2,2,1,1,1,1,1,2,2,1,1,1,1,1,2
,TOTAL M2 (08H - 17H),1,1,0,0,1,1,2,1,1,0,0,1,1,1,1,1,0,0,1,1,1,1,1,0,0,1,1,1,1,1,0
,TOTAL A (12H - 21H),1,1,1,1,1,1,2,1,1,1,1,2,1,2,1,1,1,1,2,1,2,1,1,1,1,2,1,2,1,1,1
,TOTAL N (21H - 07H),1,1,1,1,1,1,1,1,1,1,1,1,1,1,1,1,1,1,1,1,1,1,1,1,1,1,1,1,1,1,1
